<?xml version="1.0" encoding="UTF-8" ?>
    <!DOCTYPE tiles-definitions PUBLIC
           "-//Apache Software Foundation//DTD Tiles Configuration 2.0//EN"
           "http://tiles.apache.org/dtds/tiles-config_2_0.dtd">

<!-- This file contains Apache Tiles page layout definitions -->

<tiles-definitions>

    <!-- The main definition with header, menu, body and footer -->
    <definition name="base" template="/WEB-INF/views/tiles/template.jsp">
        <put-attribute name="title" value="" />
        <put-attribute name="header" value="/WEB-INF/views/tiles/header.jsp" />
        <put-attribute name="menu" value="/WEB-INF/views/tiles/menu.jsp" />
        <put-attribute name="body" value="" />
        <put-attribute name="footer" value="/WEB-INF/views/tiles/footer.jsp" />
    </definition>
    
    
    <definition name="home" extends="base">
        <put-attribute name="title" value="Home" />
        <put-attribute name="body" value="/WEB-INF/views/home.jsp" />
    </definition>
    
    
</tiles-definitions>